ประเภท,ชื่อรายการ,จำนวน,รูปภาพ
เครื่องดื่ม,อาร์โคบรอว์ เฮลเลส,5,https://i.postimg.cc/hvnqmMvx/Arcobrau-Helles.jpg
เครื่องดื่ม,เออดีนเจอร์ ดังเคิล,0,https://i.postimg.cc/RhmztGh7/Erdinger-Dunkle.jpg
เครื่องดื่ม,แฟนต้าเขียว,23,https://i.postimg.cc/pVQvvNcV/faen-khe-yw.jpg
เครื่องดื่ม,แฟนต้าน้ำส้ม,16,https://i.postimg.cc/HW0mmGvJ/faens-m.jpg
เครื่องดื่ม,แฟนต้าแดง,22,https://i.postimg.cc/QNgDDLYM/faen-daeng.jpg
เครื่องดื่ม,แม็กเนอร์ส,3,https://i.postimg.cc/qqGHxn6C/magner.jpg
เครื่องดื่ม,มูสอินดี้ ซัมเมอร์,3,https://i.postimg.cc/QCqZJ5KT/Moose-Indie-Summer.jpg
เครื่องดื่ม,มูสไซเดอร์ ออริจินัล,4,https://i.postimg.cc/fyvQfXSX/Moose-Original.jpg
เครื่องดื่ม,มวยไทย โชคดี,5,https://i.postimg.cc/vTvwt9xf/Muai-Thai-chokhd.jpg
เครื่องดื่ม,สไปรต์,11,https://i.postimg.cc/hv0R1xQr/Sprite.jpg
เครื่องดื่ม,สปายบลูไลม์,3,https://i.postimg.cc/qqGHxn6j/Spy-Blue.jpg
เครื่องดื่ม,สปายคลาสสิค,13,https://i.postimg.cc/Kj5hDL39/spy-classic.jpg
เครื่องดื่ม,สปายมิกซ์เบอร์รี,6,https://i.postimg.cc/RhTxLfJb/spy-mixed.jpg
เครื่องดื่ม,สปายเรด,13,https://i.postimg.cc/MHYJmRfF/spy-red.jpg
เครื่องดื่ม,สปายแซ่บคิส,4,https://i.postimg.cc/T1cvJm5F/spy-zap.jpg
เครื่องดื่ม,โค้ก,28,https://i.postimg.cc/PJHkDKJm/coke.jpg
เครื่องดื่ม,โค้ก ซีโร่,0,https://i.postimg.cc/brPjnLrk/coke-zeor.jpg
เครื่องดื่ม,โซดา ร๊อค,4,https://i.postimg.cc/zvkYFWHw/soda-rock.jpg
เครื่องดื่ม,โซดา สิงห์,25,https://i.postimg.cc/mkSWyM1N/soda-sing.jpg
เครื่องดื่ม,น้ำดื่มทิพย์,109,https://i.postimg.cc/VvFPWM02/n-ath-phy.jpg
เครื่องดื่ม,บ๊วยเลมอนโซดา,1,https://i.postimg.cc/WpmVVRYN/b-wy-lemxn.webp
เครื่องดื่ม,บัดไวเซอร์,8,https://i.postimg.cc/8cbgmWfq/b-d-wi-se-xr.jpg
เครื่องดื่ม,ช้าง เล็ก,13,https://i.postimg.cc/SRGbf8Y5/ch-ang.jpg
เครื่องดื่ม,ช้าง ใหญ่,10,https://i.postimg.cc/SRGbf8Y5/ch-ang.jpg
เครื่องดื่ม,ไฮเนเก้น เล็ก,25,https://i.postimg.cc/QCqZJ5KH/Heineken-Beer.jpg
เครื่องดื่ม,ไฮเนเก้น ใหญ่,22,https://i.postimg.cc/QCqZJ5KH/Heineken-Beer.jpg
เครื่องดื่ม,เมอริเดียน กลม,4,https://i.postimg.cc/dQRFFMNk/mexr-baen.jpg
เครื่องดื่ม,เมอริเดียน แบน,2,https://i.postimg.cc/dQRFFMNk/mexr-baen.jpg
เครื่องดื่ม,แม่โขง แบน,2,https://i.postimg.cc/sfPzzFHG/mae-khong.jpg
เครื่องดื่ม,รีเจนซี่ กลม,2,https://i.postimg.cc/sfPzzFH7/r-klm.jpg
เครื่องดื่ม,รีเจนซี่ แบน,2,https://i.postimg.cc/G3PRR0gy/r-baen.jpg
เครื่องดื่ม,ลีโอ เล็ก,12,https://i.postimg.cc/XNKWWM1k/l-xo.jpg
เครื่องดื่ม,ลีโอ ใหญ่,20,https://i.postimg.cc/XNKWWM1k/l-xo.jpg
เครื่องดื่ม,สิงห์ เล็ก,9,https://i.postimg.cc/j2hY4Nnz/Singha-Beer.jpg
เครื่องดื่ม,สิงห์ ใหญ่,7,https://i.postimg.cc/j2hY4Nnz/Singha-Beer.jpg
เครื่องดื่ม,แสงโสม กลม,1,https://i.postimg.cc/jq6TTV3H/saeng-klm.jpg
เครื่องดื่ม,แสงโสม แบน,8,https://i.postimg.cc/CMC00yr4/saeng-baen.webp
เครื่องดื่ม,หงส์ทอง กลม,4,https://i.postimg.cc/pVQvvNcC/hngk-lm.jpg
เครื่องดื่ม,หงส์ทอง แบน,6,https://i.postimg.cc/Y2N77cD8/hng-baen.jpg
เครื่องดื่ม,โฮการ์เดน วิทเบียร์,5,https://i.postimg.cc/Kc7bbXpJ/ho-kar-den-witbier.jpg
เครื่องดื่ม,โฮการ์เดน โรเซ่,7,https://i.postimg.cc/G3PRR0gX/ho-ro-se.jpg
ขนมขบเคี้ยว,โก๋แก่ ถั่วปากอ้าอบเกลือ,11,https://i.postimg.cc/zBZnnRrS/ko-kae-th-w-pa-kx-a-xb-kel-x.jpg
ขนมขบเคี้ยว,โก๋แก่ ถั่วลิสงอบเกลือ,4,https://i.postimg.cc/26QnT8k1/ko-kae-th-wl-sng-xb-kel-x.jpg
ขนมขบเคี้ยว,โก๋แก่ บาบีคิว,8,https://i.postimg.cc/1tGDM5mn/ko-kae-bab-kh-w.jpg
ขนมขบเคี้ยว,โก๋แก่ เม็ดมะม่วงอบเกลือ,7,https://i.postimg.cc/JnNjK4rJ/ko-kae-me-dmam-wng-xb-kel-x.jpg
ขนมขบเคี้ยว,โก๋แก่ วาซาบิ,7,https://i.postimg.cc/Y96Q8qr3/ko-kae-wa-sab.jpg
ขนมขบเคี้ยว,เทสโต้,3,https://i.postimg.cc/FRy0GsrG/the-s-to.jpg
ขนมขบเคี้ยว,เทสโต้ ปูอัด,14,https://i.postimg.cc/fLcY5Tzj/the-s-to-p-x-d.jpg
ขนมขบเคี้ยว,เทสโต้ สาหร่าย,6,https://i.postimg.cc/qRs2QMJG/the-s-to-sahr-ay.jpg
ขนมขบเคี้ยว,เมล็ดทานตะวัน,9,https://i.postimg.cc/763SXYHB/mel-d-than-taw-n.jpg
ขนมขบเคี้ยว,เลย์ ร็อค กลิ่นเอ็กซ์ตร้าบาร์บีคิว,11,https://i.postimg.cc/Hxwb3sYR/ley-r-xkh-kl-nxe-ks-tr-abar-b-kh-w.jpg
ขนมขบเคี้ยว,เลย์ สาหร่าย,10,https://i.postimg.cc/FRy0Gsr6/ley-sahr-ay.jpg
ขนมขบเคี้ยว,เลย์ร็อค Original,16,https://i.postimg.cc/NM6RbfsV/ley-r-xkh-Original.jpg
ผ้าเย็น,ผ้าเย็นขนหนู 9*9,24,https://i.postimg.cc/2jdYYp9z/ph-aye-n.webp